https://www.agpr5.com/noticia/agpr5-iso-14001-desde-2013-241?rdst_srcid=1161427,https://www.agpr5.com/noticias/agpr5-iso-14001-desde-2013
https://www.agpr5.com/noticia/cansado-de-pagar-a-conta-alta-de-energia-eletrica-142?rdst_srcid=1161290,https://www.agpr5.com/noticias/cansado-de-pagar-a-conta-alta-de-energia-eletrica
https://www.agpr5.com/noticia/invista-no-treinamento-de-seus-colaboradores-conheca-agpr5-instituto-240?rdst_srcid=1161482,https://www.agpr5.com/noticias/invista-no-treinamento-de-seus-colaboradores-conheca-agpr5-instituto
https://www.agpr5.com/noticia/a-agpr5-recebe-visita-dos-colaboradores-da-italcol-sa-237?rdst_srcid=1156160,https://www.agpr5.com/noticias/a-agpr5-recebe-visita-dos-colaboradores-da-italcol-sa
https://www.agpr5.com/noticia/esta-tempo-se-capacitar-139?rdst_srcid=1154300,https://www.agpr5.com/noticias/esta-sem-tempo-para-se-capacitar
https://www.agpr5.com/noticia/por-que-investimentos-em-tecnologia-o-agronegocio-sao-essenciais-236?rdst_srcid=1152204,https://www.agpr5.com/noticias/por-que-investimentos-em-tecnologia-para-o-agronegocio-sao-essenciais
https://www.agpr5.com/noticia/obras-de-energia-solar-entregues-234?rdst_srcid=1148877,https://www.agpr5.com/noticias/obras-de-energia-solar-entregues
https://www.agpr5.com/noticia/agpr5-apresenta-seu-primeiro-associate-partner-233?rdst_srcid=1148607,https://www.agpr5.com/noticias/agpr5-apresenta-seu-primeiro-associate-partner
https://www.agpr5.com/noticia/seguranc-qualidade-sua-empresa-230?rdst_srcid=1144323,https://www.agpr5.com/noticias/seguranca-e-qualidade-para-sua-empresa
https://www.agpr5.com/noticia/5-inovacoes-tecnologicas-que-devem-ganhar-destaque-em-2018-228?rdst_srcid=1141802,https://www.agpr5.com/noticias/5-inovacoes-tecnologicas-que-devem-ganhar-destaque-em-2018
https://www.agpr5.com/noticia/sua-empresa-nao-pode-parar-agpr5-suporte-227?rdst_srcid=1140096,https://www.agpr5.com/noticias/sua-empresa-nao-pode-parar-agpr5-suporte
https://www.agpr5.com/noticia/agpr5-gestao-processos-iso-9001-119?rdst_srcid=1134987,https://www.agpr5.com/noticias/agpr5-gestao-de-processos-e-iso-9001
https://www.agpr5.com/noticia/gemba-mill-tambem-na-america-latina-225?rdst_srcid=1134957,https://www.agpr5.com/noticias/gemba-mill-tambem-na-america-latina
https://www.agpr5.com/noticia/como-aumentar-produtividade-seguranc-fabricas-preparacao-extracao-soja-221?rdst_srcid=1133231,https://www.agpr5.com/noticias/como-aumentar-a-produtividade-e-seguranca-de-fabricas-de-preparacao-e-extracao-de-soja
https://www.agpr5.com/noticia/evoluir-abandone-zona-conforto-223?rdst_srcid=1131096,https://www.agpr5.com/noticias/para-evoluir-abandone-a-zona-de-conforto
https://www.agpr5.com/noticia/estamos-completando-18-anos-222?rdst_srcid=1128860,https://www.agpr5.com/noticias/estamos-completando-18-anos
https://www.agpr5.com/noticia/a-comunicacao-da-cultura-organizacional-e-um-dos-nossos-pilares-220?rdst_srcid=1123470,https://www.agpr5.com/noticias/a-comunicacao-da-cultura-organizacional-e-um-dos-nossos-pilares
https://www.agpr5.com/noticia/lancamento-da-logo-marca-do-associate-partner-219?rdst_srcid=1125705,https://www.agpr5.com/noticias/lancamento-da-logo-marca-do-associate-partner
https://www.agpr5.com/noticia/por-que-e-importante-treinar-os-colaboradores-em-sua-empresa-218?rdst_srcid=1123467,https://www.agpr5.com/noticias/por-que-e-importante-treinar-os-colaboradores-em-sua-empresa
https://www.agpr5.com/noticia/sua-empresa-precisa-equipamentos-rotulagem-embalagem-217?rdst_srcid=1121520,https://www.agpr5.com/noticias/sua-empresa-precisa-de-equipamentos-para-rotulagem-e-embalagem
https://www.agpr5.com/noticia/ja-pensou-em-escrever-todos-seus-objetivos-2018-172?rdst_srcid=1120137,https://www.agpr5.com/noticias/ja-pensou-em-escrever-todos-os-seus-objetivos-para-2018
https://www.agpr5.com/noticia/sua-empresa-tem-problemas-quadros-eletricos-conhec-terasaki-agpr5-176?rdst_srcid=1119690,https://www.agpr5.com/noticias/sua-empresa-tem-problemas-com-quadros-eletricos-conheca-terasaki-e-agpr5
https://www.agpr5.com/noticia/gestao-de-pessoas-quando-o-colaborador-e-o-foco-216?rdst_srcid=1116122,https://www.agpr5.com/noticias/gestao-de-pessoas-quando-o-colaborador-e-o-foco
https://www.agpr5.com/noticia/energia-solar-e-autossustentabilidade-215?rdst_srcid=1116125,https://www.agpr5.com/noticias/energia-solar-e-autossustentabilidade
https://www.agpr5.com/noticia/por-que-participar-do-associate-partner-program-da-agpr5-214?rdst_srcid=1116132,https://www.agpr5.com/noticias/por-que-participar-do-associate-partners-program-da-agpr5
https://www.agpr5.com/noticia/agpr5-e-parceira-do-agronegocio-em-santa-catarina-213?rdst_srcid=1115211,https://www.agpr5.com/noticias/agpr5-e-parceira-do-agronegocio-em-santa-catarina
https://www.agpr5.com/noticia/procurando-uma-empresa-confianc-que-fac-instalacoes-eletricas-preventivos-incendio-spda-212?rdst_srcid=1112846,https://www.agpr5.com/noticias/procurando-uma-empresa-de-confianca-que-faca-instalacoes-eletricas-preventivos-de-incendio-e-spda
https://www.agpr5.com/noticia/problemas-micro-dosagens-fechamento-estoque-sua-fabrica-204?rdst_srcid=1101414,https://www.agpr5.com/noticias/problemas-com-as-micro-dosagens-e-fechamento-do-estoque-de-sua-fabrica
https://www.agpr5.com/noticia/big-data-na-industria-4-0-tudo-que-voce-sempre-quis-saber-a-respeito-202?rdst_srcid=1097161,https://www.agpr5.com/noticias/big-data-na-industria-4-0-tudo-que-voce-sempre-quis-saber-a-respeito
https://www.agpr5.com/noticia/economize-energia-eletrica-no-seu-abatedouro-201?rdst_srcid=1096978,https://www.agpr5.com/noticias/economize-energia-eletrica-no-seu-abatedouro
https://agpr5.com/noticia/agpr5-evolucao-nossa-marca-200,https://www.agpr5.com/noticias/agpr5-a-evolucao-da-nossa-marca
https://www.agpr5.com/noticia/seja-um-associate-partner-da-agpr5-199?rdst_srcid=1094613,https://www.agpr5.com/noticias/seja-um-associate-partner-da-agpr5
https://www.agpr5.com/noticia/seus-colaboradores-conhecem-os-processos-da-sua-empresa-198?rdst_srcid=1092227,https://www.agpr5.com/noticias/seus-colaboradores-conhecem-os-processos-da-sua-empresa
https://www.agpr5.com/noticia/problemas-na-rastreabilidade-da-sua-fabrica-de-racoes-premix-conheca-a-agpr5-195?rdst_srcid=1090871,https://www.agpr5.com/noticias/problemas-na-rastreabilidade-da-sua-fabrica-de-racoes-premix-conheca-a-agpr5
https://www.agpr5.com/noticia/lideranc-o-liderado-e-o-reflexo-seu-lider-196?rdst_srcid=108922,https://www.agpr5.com/noticias/lideranca-o-liderado-e-o-reflexo-do-seu-lider
https://www.agpr5.com/noticia/problema-na-automacao-do-tunel-de-congelamento-chame-agpr5-194?rdst_srcid=1086586,https://www.agpr5.com/noticias/problema-na-automacao-do-tunel-de-congelamento-chame-a-agpr5
https://www.agpr5.com/noticia/alimentacao-saudavel-para-nossos-colaboradores-193?rdst_srcid=1081760,https://www.agpr5.com/noticias/alimentacao-saudavel-para-nossos-colaboradores
https://www.agpr5.com/noticia/faca-sua-aposentadoria-com-a-energia-fotovoltaica-192?rdst_srcid=1081748,https://www.agpr5.com/noticias/faca-sua-aposentadoria-com-a-energia-fotovoltaica
https://www.agpr5.com/noticia/quer-empreender-conheca-o-associate-partners-program-191?rdst_srcid=1081725,https://www.agpr5.com/noticias/quer-empreender-conheca-o-associate-partners-program
https://www.agpr5.com/noticia/re-imagine-seus-conhecimentos-em-2018-com-o-instituto-agpr5-190?rdst_srcid=1081704,https://www.agpr5.com/noticias/re-imagine-seus-conhecimentos-em-2018-com-o-instituto-agpr5
https://www.agpr5.com/noticia/tecnologia-producao-proteina-animal-conhec-agpr5-189?rdst_srcid=1081013,https://www.agpr5.com/noticias/tecnologia-para-a-producao-de-proteina-animal-conheca-agpr5
https://www.agpr5.com/noticia/dificuldades-monitorar-processos-em-seu-abatedouro-186?rdst_srcid=1076901,https://www.agpr5.com/noticias/dificuldades-para-monitorar-os-processos-em-seu-abatedouro
https://www.agpr5.com/noticia/lideres-e-gestores-com-mais-de-8-anos-de-empresa-pense-agpr5-184?rdst_srcid=1074131,https://www.agpr5.com/noticias/lideres-e-gestores-com-mais-de-8-anos-de-empresa-pense-agpr5
https://www.agpr5.com/noticia/quer-economizar-na-conta-de-energia-183?rdst_srcid=1074124,https://www.agpr5.com/noticias/quer-economizar-na-conta-de-energia
https://www.agpr5.com/noticia/o-prazo-esta-findando-185?rdst_srcid=1074116,https://www.agpr5.com/noticias/o-prazo-esta-findando
https://www.agpr5.com/noticia/curiosidade-em-saber-tudo-industria-4-0-chame-agpr5-180?rdst_srcid=1071347,https://www.agpr5.com/noticias/curiosidade-em-saber-tudo-da-industria-4-0-chame-a-agpr5
https://www.agpr5.com/noticia/sua-empresa-tem-problemas-quadros-eletricos-conhec-terasaki-agpr5-176?rdst_srcid=1070033,https://www.agpr5.com/noticias/sua-empresa-tem-problemas-com-quadros-eletricos-conheca-terasaki-e-agpr5
https://www.agpr5.com/noticia/projeto-aristoteles-o-google-revelou-o-segredo-trabalho-em-equipe-175?rdst_srcid=1068327,https://www.agpr5.com/noticias/projeto-aristoteles-o-google-revelou-o-segredo-do-trabalho-em-equipe
https://www.agpr5.com/noticia/acabaram-ferias-174?rdst_srcid=1066352,https://www.agpr5.com/noticias/acabaram-as-ferias
https://www.agpr5.com/noticia/saiba-mais-sobre-o-associate-partners-program-173?rdst_srcid=1063651&lipi=urn%3Ali%3Apage%3Ad_flagship3_company%3B%2FNeoBZs8T1K3QJ1uGeKpvg%3D%3D&licu=urn%3Ali%3Acontrol%3Ad_flagship3_company-object,https://www.agpr5.com/noticias/saiba-mais-sobre-o-associate-partners-program
https://www.agpr5.com/noticia/ja-pensou-em-escrever-todos-seus-objetivos-2018-172?rdst_srcid=1062020,https://www.agpr5.com/noticias/ja-pensou-em-escrever-todos-os-seus-objetivos-para-2018
https://www.agpr5.com/noticia/re-imagine-engenhosidade-sua-empresa-em-2018-170?rdst_srcid=1060140,https://www.agpr5.com/noticias/re-imagine-com-engenhosidade-sua-empresa-em-2018
http://www.agpr5.com/?rdst_srcid=1058309,https://www.agpr5.com 
https://www.agpr5.com/noticia/se-beber-ou-estiver-cansado-nao-dirija-167?rdst_srcid=1053635,https://www.agpr5.com/noticias/se-beber-ou-estiver-cansado-nao-dirija
https://www.agpr5.com/noticia/vamos-tirar-os-sonhos-do-papel-em-2018-166?rdst_srcid=1053642,https://www.agpr5.com/noticias/vamos-tirar-os-sonhos-do-papel-em-2018
https://www.agpr5.com/noticia/sobre-a-agpr5-2017-163?rdst_srcid=1053622,https://www.agpr5.com/noticias/sobre-a-agpr5-2017
https://www.agpr5.com/noticia/sera-que-seu-suporte-esta-disponivel-em-tempos-festas-agpr5-esta-164?rdst_srcid=1052367,https://www.agpr5.com/noticias/sera-que-seu-suporte-esta-disponivel-em-tempos-de-festas-a-agpr5-esta
https://www.agpr5.com/noticia/agpr5-voce-no-natal-160?rdst_srcid=1047576,https://www.agpr5.com/noticias/agpr5-com-voce-no-natal
https://www.agpr5.com/noticia/seja-voluntario-faz-bem-ao-outros-melhor-alma-161?rdst_srcid=1047585,https://www.agpr5.com/noticias/seja-voluntario-faz-bem-ao-outros-e-melhor-a-alma
https://www.agpr5.com/noticia/voce-tem-vontade-ter-seu-negocio-em-2018-159?rdst_srcid=1047573,https://www.agpr5.com/noticias/voce-tem-vontade-de-ter-seu-negocio-em-2018
https://www.agpr5.com/noticia/nao-quer-entrar-2018-conta-energia-eletrica-158?rdst_srcid=1047563,https://www.agpr5.com/noticias/nao-quer-entrar-2018-com-conta-de-energia-eletrica
https://www.agpr5.com/noticia/agpr5-formando-talentos-157?rdst_srcid=1045139,https://www.agpr5.com/noticias/agpr5-formando-talentos
https://www.agpr5.com/noticia/voce-sabia-que-pode-gerar-sua-propria-energia-150?rdst_srcid=1036893,https://www.agpr5.com/noticias/voce-sabia-que-pode-gerar-sua-propria-energia
https://www.agpr5.com/noticia/quer-empreender-em-2018-153?rdst_srcid=1036863,https://www.agpr5.com/noticias/quer-empreender-em-2018
https://www.agpr5.com/noticia/procurando-uma-empresa-confianc-fazer-seus-quadros-eletricos-144?rdst_srcid=1028527,https://www.agpr5.com/noticias/procurando-uma-empresa-de-confianca-para-fazer-seus-quadros-eletricos
http://www.agpr5.com/noticia/espaco-descanso-ao-meio-dia-gente-tem-147?rdst_srcid=1025127,https://www.agpr5.com/noticias/espaco-de-descanso-ao-meio-dia-a-gente-tem
http://www.agpr5.com/noticia/somos-top5-entre-melhores-empresas-trabalhar-em-sc-148?rdst_srcid=1025249,https://www.agpr5.com/noticias/somos-top5-entre-as-melhores-empresas-para-trabalhar-em-sc
http://www.agpr5.com/noticia/sua-empresa-pode-crescer-em-2018-146?rdst_srcid=1025137,https://www.agpr5.com/noticias/sua-empresa-pode-crescer-em-2018
http://www.agpr5.com/noticia/somos-4a-melhor-empresa-trabalhar-em-sc-pelo-gptw-145?rdst_srcid=1023212,https://www.agpr5.com/noticias/somos-a-4a-melhor-empresa-para-trabalhar-em-sc-pelo-gptw
http://www.agpr5.com/noticia/re-imagine-sua-empresa-em-2018-141?rdst_srcid=1013385,https://www.agpr5.com/noticias/re-imagine-sua-empresa-em-2018
http://www.agpr5.com/noticia/agpr5-na-sps-ipc-drives-2017-140,https://www.agpr5.com/noticias/agpr5-na-sps-ipc-drives-2017
http://www.agpr5.com/noticia/esta-tempo-se-capacitar-139?rdst_srcid=1009381,https://www.agpr5.com/noticias/esta-sem-tempo-para-se-capacitar
http://www.agpr5.com/noticia/newsletter-edicao-189-2017-w47-137?rdst_srcid=1007488,http://www.agpr5.com/dipbr/news/newsletter/w472017/mobile/index.html#p=1
http://www.agpr5.com/noticia/parabens-tecnico-em-seguranc-trabalho-pelo-seu-dia-136?rdst_srcid=1005248,https://www.agpr5.com/noticias/parabens-tecnico-em-seguranca-do-trabalho-pelo-seu-dia
http://www.agpr5.com/unidade-negocio/un12-service-maintenance-help-desk-assistance-start-up-12,https://www.agpr5.com/service
http://www.agpr5.com/noticia/voce-esta-se-formando-nao-sabe-o-que-fazer-em-2018-134?rdst_srcid=1002262,https://www.agpr5.com/noticias/voce-esta-se-formando-e-nao-sabe-o-que-fazer-em-2018
http://www.agpr5.com/noticia/agpr5-proposito-valores-135,https://www.agpr5.com/noticias/agpr5-proposito-e-valores
http://www.agpr5.com/noticia/newsletter-edicao-188-2017-w46-133,https://www.agpr5.com/dipbr/news/newsletter/w462017/mobile/index.html#p=1
http://www.agpr5.com/noticia/nao-tem-tempo-capacitar-seus-colaboradores-industria-132,https://www.agpr5.com/noticias/nao-tem-tempo-para-capacitar-seus-colaboradores-na-industria
http://www.agpr5.com/noticia/agpr5-apoia-o-novembro-azul-130,https://www.agpr5.com/noticias/agpr5-apoia-o-novembro-azul
http://www.agpr5.com/noticia/vamos-re-imaginar-juntos-seu-negocio-2018-131,https://www.agpr5.com/noticias/vamos-re-imaginar-juntos-seu-negocio-para-2018
http://www.agpr5.com/noticia/newsletter-edicao-187-2017-w45-129,https://www.agpr5.com/dipbr/news/newsletter/w452017/mobile/index.html#p=1
http://www.agpr5.com/noticia/sua-empresa-esta-preparada-2018-128,https://www.agpr5.com/noticias/sua-empresa-esta-preparada-para-2018
http://www.agpr5.com/noticia/newsletter-edicion-186-2017-w44-125,https://www.agpr5.com/dipbr/news/newsletter/w442017/mobile/index.html#p=1
http://www.agpr5.com/noticia/quer-melhorar-produtividade-sua-fabrica-alimentos-123,https://www.agpr5.com/noticias/quer-melhorar-a-produtividade-da-sua-fabrica-de-alimentos
http://www.agpr5.com/noticia/academia-agpr5-120?rdst_srcid=970121,https://www.agpr5.com/academia/
http://www.agpr5.com/noticia/procurando-um-dna-crescer-122?rdst_srcid=970128,https://www.agpr5.com/noticias/procurando-um-dna-para-crescer
http://www.agpr5.com/case/agpr5-concluiu-projeto-quadro-geral-baixa-tensao-michelin-rj-121?rdst_srcid=968118,https://www.agpr5.com/cases-de-sucesso/agpr5-concluiu-projeto-de-quadro-geral-de-baixa-tensao-para-a-michelin-rj
http://www.agpr5.com/noticia/newsletter-edicao-185-2017-w43-112,https://www.agpr5.com/dipbr/news/newsletter/w432017/mobile/index.html#p=1
http://www.agpr5.com/noticia/agpr5-gestao-processos-iso-9001-119,https://www.agpr5.com/noticias/agpr5-gestao-de-processos-e-iso-9001
http://www.agpr5.com/noticia/re-imagine-sua-empresa-116,https://www.agpr5.com/noticias/re-imagine-sua-empresa
http://www.agpr5.com/noticia/agpr5-entrega-startup-tunel-encolhimento-vapor-ao-cliente-tramontina-106?rdst_srcid=956784,https://www.agpr5.com/cases-de-sucesso/agpr5-entrega-startup-de-tunel-de-encolhimento-a-vapor-ao-cliente-tramontina
http://www.agpr5.com/noticia/newsletter-edicao-184-2017-w42-112?rdst_srcid=954563,https://www.agpr5.com/dipbr/news/newsletter/W422017/mobile/index.html#p=1
http://www.agpr5.com/noticia/problemas-atendimento-depois-horario-comercial-115,https://www.agpr5.com/noticias/problemas-de-atendimento-depois-do-horario-comercial
http://www.agpr5.com/noticia/associate-partners-agpr5-114?,https://www.agpr5.com/noticias/associate-partners-agpr5
http://www.agpr5.com/noticia/agpr5-faz-palestra-no-2o-curso-gerenciamento-fabrica-racoes-agropec-113?rdst_srcid=948947,https://www.agpr5.com/noticias/agpr5-ministra-palestra-no-2o-curso-de-gerenciamento-de-fabrica-de-racoes-da-agropec
http://www.agpr5.com/noticia/feliz-dia-crianc-108,https://www.agpr5.com/noticias/feliz-dia-das-criancas
http://www.agpr5.com/dipbr/news/newsletter/w412017/mobile/index.html#p=1,https://www.agpr5.com/dipbr/news/newsletter/w412017/mobile/index.html#p=1
http://www.agpr5.com/noticia/pch-serra-cavalinhos-i-95,https://www.agpr5.com/cases-de-sucesso/pch-serra-dos-cavalinhos-i
http://www.agpr5.com/noticia/associate-partners-agpr5-98,https://www.agpr5.com/noticias/associate-partners-agpr5
http://www.agpr5.com/noticia/agpr5-re-imaginando-engenhosidade-energia-fotovoltaica-103,https://www.agpr5.com/noticias/agpr5-re-imaginando-com-engenhosidade-energia-fotovoltaica
http://www.agpr5.com/noticia/frivasa-rumo-ao-topo-em-minas-gerais-101?rdst_srcid=926631,https://www.agpr5.com/noticias/frivasa-rumo-ao-topo-em-minas-gerais
http://www.agpr5.com/noticia/fazer-o-bem-faz-bem-99,https://www.agpr5.com/noticias/4a-sipat-fazer-o-bem-faz-bem
http://www.agpr5.com/noticia/agpr5-apresentou-se-como-case-sucesso-em-evento-fiesc-97,https://www.agpr5.com/noticias/agpr5-apresenta-se-como-case-de-sucesso-em-evento-da-fiesc
http://www.agpr5.com/noticia/4a-sipat-semana-interna-prevecao-acidentes-trabalho-94,https://www.agpr5.com/noticias/4a-sipat-semana-interna-de-prevencao-de-acidentes-de-trabalho
http://www.agpr5.com/noticia/agpr5-ministra-palestra-automacao-sistemas-execucao-manufatura-em-plantas-alimentos-balanceados-rastreabilidade-total-no-curso-agropec-em-sao-paulo-93,https://www.agpr5.com/noticias/agpr5-ministra-palestra-no-curso-da-agropec-em-sao-paulo
http://www.agpr5.com/noticia/innovation-tour-agpr5-na-coopacol-92?rdst_srcid=898518,https://www.agpr5.com/noticias/innovation-tour-da-agpr5-na-copacol
http://www.agpr5.com/noticia/un16-agpr5-instituto-lanc-calendario-cursos-capacitacao-mes-setembro-2017-91?rdst_srcid=895919,https://www.agpr5.com/noticias/un16-agpr5-instituto-lanca-calendario-de-cursos-de-capacitacao-do-mes-de-setembro-2017
http://www.agpr5.com/noticia/agpr5-implanta-solucao-gemba-cement-aplicado-automacao-fabricacao-cimento-o-cliente-pozosul-na-cidade-capivari-baixo-sc-90?rdst_srcid=893805,https://www.agpr5.com/cases-de-sucesso/agpr5-implanta-a-solucao-gemba-cement-aplicado-a-automacao-da-fabricacao-de-cimento-para-o-cliente-pozosul-na-cidade-de-capivari-de-baixo-sc
http://www.agpr5.com/noticia/agpr5-consolida-contrato-cooper-a1-88?rdst_srcid=886874,https://www.agpr5.com/noticias/agpr5-consolida-contrato-com-cooper-a1
http://www.agpr5.com/noticia/teratec-japao-contrata-agpr5-apoio-a-manutencao-em-navio-transpetro-componentes-terasaki-86,https://www.agpr5.com/noticias/teratec-japao-contrata-agpr5-para-apoio-a-manutencao-em-navio-da-transpetro-com-componentes-terasaki
http://www.agpr5.com/noticia/open-house-agpr5-to-copacol-87,https://www.agpr5.com/noticias/open-house-agpr5-to-copacol
http://www.agpr5.com/noticia/un12-service-maintenance-help-desk-assistance-start-up-80,https://www.agpr5.com/noticias/un12-service-maintenance-help-desk-assistance-e-start-up
http://www.agpr5.com/noticia/controle-processos-industriais-tp-84?,https://www.agpr5.com/noticias/un16-controle-e-processos-industriais-tp
http://www.agpr5.com/eventos,https://www.agpr5.com/blog/noticias/
http://www.agpr5.com/noticia/28-agosto-dia-avicultor-85,https://www.agpr5.com/noticias/28-de-agosto-dia-do-avicultor
http://www.agpr5.com/noticia/agpr5-fornece-obra-turn-key-incluindo-o-projeto-executivo-eletrica-quadros-eletricos-instalacoes-automacao-gemba-mill-2a-linha-racoes-90-ton-h-suinos-seara-dourados-ms-79,https://www.agpr5.com/cases-de-sucesso/agpr5-fornece-obra-turn-key-incluindo-o-projeto-executivo-de-eletrica-quadros-eletricos-instalacoes-e-automacao-com-gemba-mill-da-2a-linha-de-racoes-de-90-ton-h-para-suinos-seara-dourado
http://www.agpr5.com/noticia/agpr5-entrega-maquina-finaliza-startup-aplicadora-lacres-no-laboratorio-lebon-em-porto-alegre-rs-82?rdst_srcid=861385,https://www.agpr5.com/noticias/agpr5-entrega-maquina-e-finaliza-startup-da-aplicadora-de-lacres-no-laboratorio-lebon-em-porto-alegre-rs
http://www.agpr5.com/noticia/agpr5-indicada-recertificacao-normas-iso-9001-2008-iso-14001-2004-ohsas-18001-2007-81?rdst_srcid=858327,https://www.agpr5.com/noticias/agpr5-indicada-para-recertificacao-das-normas-iso-90012008-iso-140012004-e-ohsas-180012007
http://www.agpr5.com/noticia/agpr5-fornece-disjuntores-terasaki-quadros-eletricos-nova-linha-toyota-etios-2018-77?rdst_srcid=852705,https://www.agpr5.com/noticias/agpr5-fornece-disjuntores-terasaki-para-os-quadros-eletricos-da-nova-linha-do-toyota-etios-2018
http://www.agpr5.com/noticia/agpr5-ministra-palestra-conceito-dark-factory-em-fabricas-racoes-usando-gemba-mill-como-plataforme-mes-no-curso-agropec-em-lajeado-rs-74?rdst_srcid=839719,https://www.agpr5.com/noticias/agpr5-ministra-palestra-conceito-de-dark-factory-em-fabricas-de-racoes-usando-gemba-mill-como-plataforma-mes-no-curso-da-agropec-em-lajeado-rs
http://www.agpr5.com/noticia/colaboradores-pozosul-recebem-treinamento-na-solucao-gemba-ciment-73?rdst_srcid=834230,https://www.agpr5.com/noticias/pozosul-recebe-treinamento-na-plataforma-mes-gemba-ciment
http://www.agpr5.com/noticia/agpr5-instituto-lanc-calendario-cursos-capacitacao-mes-agosto-17-72?rdst_srcid=831163,https://www.agpr5.com/noticias/agpr5-instituto-lanca-calendario-de-cursos-de-capacitacao-do-mes-de-agosto-17
http://www.agpr5.com/case/agpr5-logipack-desenvolvem-maquina-ensaque-garrafas-71,https://www.agpr5.com/cases-de-sucesso/agpr5-me-desenvolve-maquina-para-ensaque-de-garrafas-logipack-eal-4000
http://www.agpr5.com/noticia/agpr5-ministra-palestra-sobre-automacao-fabricas-nutricao-animal-no-curso-racoes-31-em-cascavel-pr-70,https://www.agpr5.com/noticias/agpr5-ministra-palestra-sobre-automacao-para-fabricas-de-nutricao-animal-no-curso-de-racoes-31-em-cascavel-pr
http://www.agpr5.com/case/agpr5-implanta-solucao-gemba-fertilizers-aplicado-fabricacao-fertilizantes-o-cliente-andali-na-cidade-rondonopolis-mt-60,https://www.agpr5.com/cases-de-sucesso/agpr5-gemba-fertilizer-andali
http://www.agpr5.com/case/agpr5-executa-projeto-quadro-geral-baixa-tensao-complexo-produtivo-michelin-69,https://www.agpr5.com/cases-de-sucesso/agpr5-executa-projeto-de-quadro-geral-de-baixa-tensao-do-complexo-produtivo-da-michelin-rj
http://www.agpr5.com/case/agpr5-implanta-plataforma-gemba-foods-solucao-industrias-processamento-proteina-animal-no-cliente-rivelli-cidade-barbacena-mg-66,https://www.agpr5.com/cases-de-sucesso/agpr5-gemba-foods-rivelli
http://www.agpr5.com/case/agpr5-implanta-plataforma-gemba-storage-solucao-armazenagem-terminal-fertisanta-em-imbituba-sc-67,https://www.agpr5.com/cases-de-sucesso/agpr5-gemba-storage
http://www.agpr5.com/case/agpr5-executa-projeto-quadros-distribuicao-complexo-olico-chapadinha-no-nordeste-68,https://www.agpr5.com/cases-de-sucesso/agpr5-executa-projeto-de-quadros-de-distribuicao-para-complexo-eolico-chapadinha-no-nordeste
http://www.agpr5.com/produto/assessoria-consultoria-8610,https://www.agpr5.com/portfolio/assessoria-e-consultoria
http://agpr5.com/noticia/agpr5-entra-em-definitivo-no-mercado-energia-o-projeto-pch-verde-4a-62,https://www.agpr5.com/noticias/agpr5-entra-em-definitivo-no-mercado-de-energia-com-o-projeto-pch-verde-4a
http://agpr5.com/p/institucional,https://www.agpr5.com/empresa
http://www.agpr5.com/vertical-atuacao/va11-ceramica-cimentos-pre-moldados-argamassas-14,https://www.agpr5.com/ceramica
http://www.agpr5.com/unidade-negocio/un11-quadros-eletricos-baixa-media-tensao-10,https://www.agpr5.com/quadros-eletricos
http://www.agpr5.com/vertical-atuacao/un05-engenharia-obras-solucoes-turn-key-7,https://www.agpr5.com/engenharia-eletrica
https://www.agpr5.com/dipbr/jupiter/es/noticias-es/agpr5-recibe-visita-de-los-colaboradores-de-la-italcol-sa,https://www.agpr5.com/es/noticias-es/agpr5-recibe-visita-de-los-colaboradores-de-la-italcol-sa
https://www.agpr5.com/noticia/dia-internacional-mulher-239,https://www.agpr5.com/es/noticias-es/dia-internacional-de-la-mujer
