https://www.agpr5.com/noticia/invista-no-treinamento-seus-colaboradores-conhec-agpr5-instituto-240,https://www.agpr5.com/noticias/invista-no-treinamento-de-seus-colaboradores-conheca-agpr5-instituto
https://www.agpr5.com/noticia/dia-internacional-mulher-239,https://www.agpr5.com/noticias/dia-internacional-da-mulher
https://www.agpr5.com/noticia/agpr5-recebe-visita-colaboradores-italcol-sa-237,https://www.agpr5.com/noticias/a-agpr5-recebe-visita-dos-colaboradores-da-italcol-sa
https://www.agpr5.com/noticia/por-que-investimentos-em-tecnologia-o-agronegocio-sao-essenciais-236,https://www.agpr5.com/noticias/por-que-investimentos-em-tecnologia-para-o-agronegocio-sao-essenciais
https://www.agpr5.com/noticia/obras-energia-solar-entregues-234,https://www.agpr5.com/noticias/obras-de-energia-solar-entregues
https://www.agpr5.com/noticia/agpr5-apresenta-seu-primeiro-associate-partner-233,https://www.agpr5.com/noticias/agpr5-apresenta-seu-primeiro-associate-partner
https://www.agpr5.com/noticia/seguranc-qualidade-sua-empresa-230,https://www.agpr5.com/noticias/seguranca-e-qualidade-para-sua-empresa
https://www.agpr5.com/noticia/5-inovacoes-tecnologicas-que-devem-ganhar-destaque-em-2018-228,https://www.agpr5.com/noticias/5-inovacoes-tecnologicas-que-devem-ganhar-destaque-em-2018
https://www.agpr5.com/noticia/sua-empresa-nao-pode-parar-agpr5-suporte-227,https://www.agpr5.com/noticias/sua-empresa-nao-pode-parar-agpr5-suporte
https://www.agpr5.com/noticia/agpr5-apresenta-staff-responsavel-pelo-programa-associate-partners-226,https://www.agpr5.com/noticias/staff-associate-partners
https://www.agpr5.com/noticia/gemba-mill-tambem-na-america-latina-225,https://www.agpr5.com/noticias/gemba-mill-tambem-na-america-latina
https://www.agpr5.com/noticia/como-aumentar-produtividade-seguranc-fabricas-preparacao-extracao-soja-221,https://www.agpr5.com/noticias/como-aumentar-a-produtividade-e-seguranca-de-fabricas-de-preparacao-e-extracao-de-soja
https://www.agpr5.com/noticia/evoluir-abandone-zona-conforto-223,https://www.agpr5.com/noticias/para-evoluir-abandone-a-zona-de-conforto
https://www.agpr5.com/noticia/estamos-completando-18-anos-222,https://www.agpr5.com/noticias/estamos-completando-18-anos
https://www.agpr5.com/noticia/comunicacao-cultura-organizacional-e-um-nossos-pilares-220,https://www.agpr5.com/noticias/a-comunicacao-da-cultura-organizacional-e-um-dos-nossos-pilares
https://www.agpr5.com/noticia/lancamento-logo-marca-associate-partner-219,https://www.agpr5.com/noticias/lancamento-da-logo-marca-do-associate-partner
https://www.agpr5.com/noticia/por-que-e-importante-treinar-colaboradores-em-sua-empresa-218,https://www.agpr5.com/noticias/por-que-e-importante-treinar-os-colaboradores-em-sua-empresa
https://www.agpr5.com/noticia/sua-empresa-precisa-equipamentos-rotulagem-embalagem-217,https://www.agpr5.com/noticias/sua-empresa-precisa-de-equipamentos-para-rotulagem-e-embalagem
https://www.agpr5.com/noticia/gestao-pessoas-quando-o-colaborador-e-o-foco-216,https://www.agpr5.com/noticias/gestao-de-pessoas-quando-o-colaborador-e-o-foco
https://www.agpr5.com/noticia/energia-solar-e-autossustentabilidade-215,https://www.agpr5.com/noticias/energia-solar-e-autossustentabilidade
https://www.agpr5.com/noticia/por-que-participar-associate-partners-program-agpr5-214,https://www.agpr5.com/noticias/por-que-participar-do-associate-partners-program-da-agpr5
https://www.agpr5.com/noticia/agpr5-e-parceira-agronegocio-em-santa-catarina-213,https://www.agpr5.com/noticias/agpr5-e-parceira-do-agronegocio-em-santa-catarina
https://www.agpr5.com/noticia/procurando-uma-empresa-confianc-que-fac-instalacoes-eletricas-preventivos-incendio-spda-212,https://www.agpr5.com/noticias/procurando-uma-empresa-de-confianca-que-faca-instalacoes-eletricas-preventivos-de-incendio-e-spda
https://www.agpr5.com/noticia/quem-nao-gerencia-riscos-gerencia-crise-210,https://www.agpr5.com/noticias/quem-nao-gerencia-os-riscos-gerencia-crise
https://www.agpr5.com/noticia/procurando-uma-empresa-competencia-em-automacao-robotica-pense-agpr5-209,https://www.agpr5.com/noticias/procurando-uma-empresa-com-competencia-em-automacao-e-robotica-pense-agpr5
https://www.agpr5.com/noticia/qualidade-vida-na-agpr5-208,https://www.agpr5.com/noticias/qualidade-de-vida-na-agpr5
https://www.agpr5.com/noticia/energia-solar-empresas-207,https://www.agpr5.com/noticias/energia-solar-para-empresas
https://www.agpr5.com/noticia/associate-partners-program-ja-comecou-206,https://www.agpr5.com/noticias/associate-partners-program-ja-comecou
https://www.agpr5.com/noticia/solucoes-embalagem-sua-fabrica-205,https://www.agpr5.com/noticias/problemas-com-as-embalagens-de-seus-produtos
https://www.agpr5.com/noticia/problemas-micro-dosagens-fechamento-estoque-sua-fabrica-204,https://www.agpr5.com/noticias/problemas-com-as-micro-dosagens-e-fechamento-do-estoque-de-sua-fabrica
https://www.agpr5.com/noticia/big-data-na-industria-4-0-tudo-que-voce-sempre-quis-saber-respeito-202,https://www.agpr5.com/noticias/big-data-na-industria-4-0-tudo-que-voce-sempre-quis-saber-a-respeito
https://www.agpr5.com/noticia/economize-energia-eletrica-no-seu-abatedouro-201,https://www.agpr5.com/noticias/economize-energia-eletrica-no-seu-abatedouro
https://www.agpr5.com/noticia/agpr5-evolucao-nossa-marca-200,https://www.agpr5.com/noticias/agpr5-a-evolucao-da-nossa-marca
https://www.agpr5.com/noticia/seja-um-associate-partner-agpr5-199,https://www.agpr5.com/noticias/seja-um-associate-partner-da-agpr5
https://www.agpr5.com/noticia/seus-colaboradores-conhecem-processos-sua-empresa-198,https://www.agpr5.com/noticias/seus-colaboradores-conhecem-os-processos-da-sua-empresa
https://www.agpr5.com/noticia/problemas-na-rastreabilidade-sua-fabrica-racoes-premix-conhec-agpr5-195,https://www.agpr5.com/noticias/problemas-na-rastreabilidade-da-sua-fabrica-de-racoes-premix-conheca-a-agpr5
https://www.agpr5.com/noticia/lideranc-o-liderado-e-o-reflexo-seu-lider-196,https://www.agpr5.com/noticias/lideranca-o-liderado-e-o-reflexo-do-seu-lider
https://www.agpr5.com/noticia/problema-na-automacao-tunel-congelamento-chame-agpr5-194,https://www.agpr5.com/noticias/problema-na-automacao-do-tunel-de-congelamento-chame-a-agpr5
https://www.agpr5.com/noticia/alimentacao-saudavel-nossos-colaboradores-193,https://www.agpr5.com/noticias/alimentacao-saudavel-para-nossos-colaboradores
https://www.agpr5.com/noticia/fac-sua-aposentadoria-energia-fotovoltaica-192,https://www.agpr5.com/noticias/faca-sua-aposentadoria-com-a-energia-fotovoltaica
https://www.agpr5.com/noticia/quer-empreender-conhec-o-associate-partners-program-191,https://www.agpr5.com/noticias/quer-empreender-conheca-o-associate-partners-program
https://www.agpr5.com/noticia/re-imagine-seus-conhecimentos-em-2018-o-instituto-agpr5-190,https://www.agpr5.com/noticias/re-imagine-seus-conhecimentos-em-2018-com-o-instituto-agpr5
https://www.agpr5.com/noticia/tecnologia-producao-proteina-animal-conhec-agpr5-189,https://www.agpr5.com/noticias/tecnologia-para-a-producao-de-proteina-animal-conheca-agpr5
https://www.agpr5.com/noticia/mudar-nao-ser-mudado-187,https://www.agpr5.com/noticias/mudar-para-nao-ser-mudado
https://www.agpr5.com/noticia/dificuldades-monitorar-processos-em-seu-abatedouro-186,https://www.agpr5.com/noticias/dificuldades-para-monitorar-os-processos-em-seu-abatedouro
https://www.agpr5.com/noticia/lideres-gestores-mais-8-anos-empresa-pense-agpr5-184,https://www.agpr5.com/noticias/lideres-e-gestores-com-mais-de-8-anos-de-empresa-pense-agpr5
https://www.agpr5.com/noticia/quer-economizar-na-conta-energia-183,https://www.agpr5.com/noticias/quer-economizar-na-conta-de-energia
https://www.agpr5.com/noticia/o-prazo-esta-findando-185,https://www.agpr5.com/noticias/o-prazo-esta-findando
https://www.agpr5.com/noticia/curiosidade-em-saber-tudo-industria-4-0-chame-agpr5-180,https://www.agpr5.com/noticias/curiosidade-em-saber-tudo-da-industria-4-0-chame-a-agpr5
https://www.agpr5.com/noticia/sua-empresa-tem-problemas-quadros-eletricos-conhec-terasaki-agpr5-176,https://www.agpr5.com/noticias/sua-empresa-tem-problemas-com-quadros-eletricos-conheca-terasaki-e-agpr5
https://www.agpr5.com/noticia/projeto-aristoteles-o-google-revelou-o-segredo-trabalho-em-equipe-175,https://www.agpr5.com/noticias/projeto-aristoteles-o-google-revelou-o-segredo-do-trabalho-em-equipe
https://www.agpr5.com/noticia/acabaram-ferias-174,https://www.agpr5.com/noticias/acabaram-as-ferias
https://www.agpr5.com/noticia/saiba-mais-sobre-o-associate-partners-program-173,https://www.agpr5.com/noticias/saiba-mais-sobre-o-associate-partners-program
https://www.agpr5.com/noticia/ja-pensou-em-escrever-todos-seus-objetivos-2018-172,https://www.agpr5.com/noticias/ja-pensou-em-escrever-todos-os-seus-objetivos-para-2018
https://www.agpr5.com/noticia/re-imagine-engenhosidade-sua-empresa-em-2018-170,https://www.agpr5.com/noticias/re-imagine-com-engenhosidade-sua-empresa-em-2018
https://www.agpr5.com/noticia/planeje-suas-conquistas-2018-171,https://www.agpr5.com/noticias/planeje-suas-conquistas-para-2018
https://www.agpr5.com/noticia/esta-chegando-hora-168,https://www.agpr5.com/noticias/esta-chegando-a-hora
https://www.agpr5.com/noticia/se-beber-ou-estiver-cansado-nao-dirija-167,https://www.agpr5.com/noticias/se-beber-ou-estiver-cansado-nao-dirija
https://www.agpr5.com/noticia/vamos-tirar-sonhos-papel-em-2018-166,https://www.agpr5.com/noticias/vamos-tirar-os-sonhos-do-papel-em-2018
https://www.agpr5.com/noticia/sobre-agpr5-2017-163,https://www.agpr5.com/noticias/sobre-a-agpr5-2017
https://www.agpr5.com/noticia/retrospectiva-agpr5-2017-165,https://www.agpr5.com/noticias/retrospectiva-agpr5-2017
https://www.agpr5.com/noticia/sera-que-seu-suporte-esta-disponivel-em-tempos-festas-agpr5-esta-164,https://www.agpr5.com/noticias/sera-que-seu-suporte-esta-disponivel-em-tempos-de-festas-a-agpr5-esta
https://www.agpr5.com/noticia/feliz-natal-162,https://www.agpr5.com/noticias/feliz-natal
https://www.agpr5.com/noticia/agpr5-voce-no-natal-160,https://www.agpr5.com/noticias/agpr5-com-voce-no-natal
https://www.agpr5.com/noticia/seja-voluntario-faz-bem-ao-outros-melhor-alma-161,https://www.agpr5.com/noticias/seja-voluntario-faz-bem-ao-outros-e-melhor-a-alma
https://www.agpr5.com/noticia/voce-tem-vontade-ter-seu-negocio-em-2018-159,https://www.agpr5.com/noticias/voce-tem-vontade-de-ter-seu-negocio-em-2018
https://www.agpr5.com/noticia/nao-quer-entrar-2018-conta-energia-eletrica-158,https://www.agpr5.com/noticias/nao-quer-entrar-2018-com-conta-de-energia-eletrica
https://www.agpr5.com/noticia/agpr5-formando-talentos-157,https://www.agpr5.com/noticias/agpr5-formando-talentos
https://www.agpr5.com/noticia/agpr5-deseja-voce-um-otimo-2018-155,https://www.agpr5.com/noticias/a-agpr5-deseja-a-voce-um-otimo-2018
https://www.agpr5.com/noticia/estamos-plantao-sua-empresa-nao-parar-154,https://www.agpr5.com/noticias/estamos-de-plantao-para-a-sua-empresa-nao-parar
https://www.agpr5.com/noticia/voce-sabia-que-pode-gerar-sua-propria-energia-150,https://www.agpr5.com/noticias/voce-sabia-que-pode-gerar-sua-propria-energia
https://www.agpr5.com/noticia/quer-empreender-em-2018-153,https://www.agpr5.com/noticias/quer-empreender-em-2018
https://www.agpr5.com/noticia/como-aumentar-rentabilidade-seguranc-sua-fabrica-cimento-149,https://www.agpr5.com/noticias/como-aumentar-a-rentabilidade-e-seguranca-da-sua-fabrica-de-cimento
https://www.agpr5.com/noticia/procurando-uma-empresa-confianc-fazer-seus-quadros-eletricos-144,https://www.agpr5.com/noticias/procurando-uma-empresa-de-confianca-para-fazer-seus-quadros-eletricos
https://www.agpr5.com/noticia/espaco-descanso-ao-meio-dia-gente-tem-147,https://www.agpr5.com/noticias/espaco-de-descanso-ao-meio-dia-a-gente-tem
https://www.agpr5.com/noticia/somos-top5-entre-melhores-empresas-trabalhar-em-sc-148,https://www.agpr5.com/noticias/somos-top5-entre-as-melhores-empresas-para-trabalhar-em-sc
https://www.agpr5.com/noticia/sua-empresa-pode-crescer-em-2018-146,https://www.agpr5.com/noticias/sua-empresa-pode-crescer-em-2018
https://www.agpr5.com/noticia/somos-4a-melhor-empresa-trabalhar-em-sc-pelo-gptw-145,https://www.agpr5.com/noticias/somos-a-4a-melhor-empresa-para-trabalhar-em-sc-pelo-gptw
https://www.agpr5.com/noticia/cansado-pagar-conta-alta-energia-eletrica-142,https://www.agpr5.com/noticias/cansado-de-pagar-a-conta-alta-de-energia-eletrica
https://www.agpr5.com/noticia/re-imagine-sua-empresa-em-2018-141,https://www.agpr5.com/noticias/re-imagine-sua-empresa-em-2018
https://www.agpr5.com/noticia/agpr5-na-sps-ipc-drives-2017-140,https://www.agpr5.com/noticias/agpr5-na-sps-ipc-drives-2017
https://www.agpr5.com/noticia/esta-tempo-se-capacitar-139,https://www.agpr5.com/noticias/esta-sem-tempo-para-se-capacitar
https://www.agpr5.com/noticia/parabens-tecnico-em-seguranc-trabalho-pelo-seu-dia-136,https://www.agpr5.com/noticias/parabens-tecnico-em-seguranca-do-trabalho-pelo-seu-dia
https://www.agpr5.com/noticia/voce-esta-se-formando-nao-sabe-o-que-fazer-em-2018-134,https://www.agpr5.com/noticias/voce-esta-se-formando-e-nao-sabe-o-que-fazer-em-2018
https://www.agpr5.com/noticia/agpr5-proposito-valores-135,https://www.agpr5.com/noticias/agpr5-proposito-e-valores
https://www.agpr5.com/noticia/nao-tem-tempo-capacitar-seus-colaboradores-industria-132,https://www.agpr5.com/noticias/nao-tem-tempo-para-capacitar-seus-colaboradores-na-industria
https://www.agpr5.com/noticia/agpr5-apoia-o-novembro-azul-130,https://www.agpr5.com/noticias/agpr5-apoia-o-novembro-azul
https://www.agpr5.com/noticia/vamos-re-imaginar-juntos-seu-negocio-2018-131,https://www.agpr5.com/noticias/vamos-re-imaginar-juntos-seu-negocio-para-2018
https://www.agpr5.com/noticia/sua-empresa-esta-preparada-2018-128,https://www.agpr5.com/noticias/sua-empresa-esta-preparada-para-2018
https://www.agpr5.com/noticia/agpr5-e-40a-melhor-empresa-trabalhar-no-brasil-em-ti-127,https://www.agpr5.com/noticias/agpr5-e-a-40a-melhor-empresa-para-trabalhar-no-brasil-em-ti
https://www.agpr5.com/noticia/como-voce-transporta-racao-sua-fabrica-seguranc-126,https://www.agpr5.com/noticias/como-voce-transporta-a-racao-da-sua-fabrica-com-seguranca
https://www.agpr5.com/noticia/quer-melhorar-produtividade-sua-fabrica-alimentos-123,https://www.agpr5.com/noticias/quer-melhorar-a-produtividade-da-sua-fabrica-de-alimentos
https://www.agpr5.com/noticia/academia-agpr5-120,https://www.agpr5.com/noticias/academia-agpr5
https://www.agpr5.com/noticia/procurando-um-dna-crescer-122,https://www.agpr5.com/noticias/procurando-um-dna-para-crescer
https://www.agpr5.com/noticia/agpr5-gestao-processos-iso-9001-119,https://www.agpr5.com/noticias/agpr5-gestao-de-processos-e-iso-9001
https://www.agpr5.com/noticia/feira-empregabilidade-satc-118,https://www.agpr5.com/noticias/feira-da-empregabilidade-da-satc
https://www.agpr5.com/noticia/sua-empresa-precisa-crescer-117,https://www.agpr5.com/noticias/sua-empresa-precisa-crescer
https://www.agpr5.com/noticia/re-imagine-sua-empresa-116,https://www.agpr5.com/noticias/re-imagine-sua-empresa-em-2018
https://www.agpr5.com/noticia/problemas-atendimento-depois-horario-comercial-115,https://www.agpr5.com/noticias/problemas-de-atendimento-depois-do-horario-comercial
https://www.agpr5.com/noticia/associate-partners-agpr5-114,https://www.agpr5.com/noticias/associate-partners-agpr5-3
https://www.agpr5.com/noticia/agpr5-ministra-palestra-no-2o-curso-gerenciamento-fabrica-racoes-agropec-113,https://www.agpr5.com/noticias/agpr5-ministra-palestra-no-2o-curso-de-gerenciamento-de-fabrica-de-racoes-da-agropec
https://www.agpr5.com/noticia/dificuldades-capacitar-seus-colaboradores-na-industria-111,https://www.agpr5.com/noticias/dificuldades-para-capacitar-seus-colaboradores-na-industria
https://www.agpr5.com/noticia/feliz-dia-professor-109,https://www.agpr5.com/noticias/feliz-dia-do-professor
https://www.agpr5.com/noticia/associate-partners-agpr5-110,https://www.agpr5.com/noticias/associate-partners-agpr5-2
https://www.agpr5.com/noticia/feliz-dia-crianc-108,https://www.agpr5.com/noticias/feliz-dia-das-criancas
https://www.agpr5.com/noticia/o-nosso-outubro-e-rosa-107,https://www.agpr5.com/noticias/o-nosso-outubro-e-rosa
https://www.agpr5.com/noticia/associate-partners-agpr5-98,https://www.agpr5.com/noticias/associate-partners-agpr5-2
https://www.agpr5.com/noticia/agpr5-re-imaginando-engenhosidade-energia-fotovoltaica-103,https://www.agpr5.com/noticias/agpr5-re-imaginando-com-engenhosidade-energia-fotovoltaica
https://www.agpr5.com/noticia/frivasa-rumo-ao-topo-em-minas-gerais-101,https://www.agpr5.com/noticias/frivasa-rumo-ao-topo-em-minas-gerais
https://www.agpr5.com/noticia/4a-sipat-fazer-o-bem-faz-bem-99,https://www.agpr5.com/noticias/4a-sipat-fazer-o-bem-faz-bem
https://www.agpr5.com/noticia/agpr5-apresenta-se-como-case-sucesso-em-evento-fiesc-97,https://www.agpr5.com/noticias/agpr5-apresenta-se-como-case-de-sucesso-em-evento-da-fiesc
https://www.agpr5.com/noticia/4a-sipat-semana-interna-prevencao-acidentes-trabalho-94,https://www.agpr5.com/noticias/4a-sipat-semana-interna-de-prevencao-de-acidentes-de-trabalho
https://www.agpr5.com/noticia/agpr5-ministra-palestra-no-curso-agropec-em-sao-paulo-93,https://www.agpr5.com/noticias/agpr5-ministra-palestra-no-curso-da-agropec-em-sao-paulo
https://www.agpr5.com/noticia/innovation-tour-agpr5-na-copacol-92,https://www.agpr5.com/noticias/innovation-tour-da-agpr5-na-copacol
https://www.agpr5.com/noticia/un16-agpr5-instituto-lanc-calendario-cursos-capacitacao-mes-setembro-2017-91,https://www.agpr5.com/noticias/un16-agpr5-instituto-lanca-calendario-de-cursos-de-capacitacao-do-mes-de-setembro-2017
https://www.agpr5.com/noticia/agpr5-consolida-contrato-cooper-a1-88,https://www.agpr5.com/noticias/agpr5-consolida-contrato-com-cooper-a1
https://www.agpr5.com/noticia/teratec-japao-contrata-agpr5-apoio-a-manutencao-em-navio-transpetro-componentes-terasaki-86,https://www.agpr5.com/noticias/teratec-japao-contrata-agpr5-para-apoio-a-manutencao-em-navio-da-transpetro-com-componentes-terasaki
https://www.agpr5.com/noticia/open-house-agpr5-to-copacol-87,https://www.agpr5.com/noticias/open-house-agpr5-to-copacol
https://www.agpr5.com/noticia/un12-service-maintenance-help-desk-assistance-start-up-80,https://www.agpr5.com/noticias/un12-service-maintenance-help-desk-assistance-e-start-up
https://www.agpr5.com/noticia/un16-controle-processos-industriais-tp-84,https://www.agpr5.com/noticias/un16-controle-e-processos-industriais-tp
https://www.agpr5.com/noticia/28-agosto-dia-avicultor-85,https://www.agpr5.com/noticias/28-de-agosto-dia-do-avicultor
https://www.agpr5.com/noticia/agpr5-se-faz-presente-no-salao-internacional-avicultura-suinocultura-siavs-2017-83,https://www.agpr5.com/noticias/agpr5-esteve-presente-no-salao-internacional-de-avicultura-e-suinocultura-siavs-2017
https://www.agpr5.com/noticia/agpr5-entrega-maquina-finaliza-startup-aplicadora-lacres-no-laboratorio-lebon-em-porto-alegre-rs-82,https://www.agpr5.com/noticias/agpr5-entrega-maquina-e-finaliza-startup-da-aplicadora-de-lacres-no-laboratorio-lebon-em-porto-alegre-rs
https://www.agpr5.com/noticia/agpr5-indicada-recertificacao-normas-iso-9001-2008-iso-14001-2004-ohsas-18001-2007-81,https://www.agpr5.com/noticias/agpr5-indicada-para-recertificacao-das-normas-iso-90012008-iso-140012004-e-ohsas-180012007
https://www.agpr5.com/noticia/agpr5-fornece-disjuntores-terasaki-quadros-eletricos-nova-linha-toyota-etios-2018-77,https://www.agpr5.com/noticias/agpr5-fornece-disjuntores-terasaki-para-os-quadros-eletricos-da-nova-linha-do-toyota-etios-2018
https://www.agpr5.com/noticia/feliz-dia-pais-76,https://www.agpr5.com/noticias/feliz-dia-dos-pais
https://www.agpr5.com/noticia/agpr5-estara-presente-no-salao-internacional-avicultura-suinocultura-siavs-2017-75,https://www.agpr5.com/noticias/agpr5-estara-presente-no-salao-internacional-de-avicultura-e-suinocultura-siavs-2017
https://www.agpr5.com/noticia/agpr5-ministra-palestra-conceito-dark-factory-em-fabricas-racoes-usando-gemba-mill-como-plataforma-mes-no-curso-agropec-em-lajeado-rs-74,https://www.agpr5.com/noticias/agpr5-ministra-palestra-conceito-de-dark-factory-em-fabricas-de-racoes-usando-gemba-mill-como-plataforma-mes-no-curso-da-agropec-em-lajeado-rs
https://www.agpr5.com/noticia/pozosul-recebe-treinamento-na-plataforma-mes-gemba-ciment-73,https://www.agpr5.com/noticias/pozosul-recebe-treinamento-na-plataforma-mes-gemba-ciment
https://www.agpr5.com/noticia/agpr5-instituto-lanc-calendario-cursos-capacitacao-mes-agosto-17-72,https://www.agpr5.com/noticias/agpr5-instituto-lanca-calendario-de-cursos-de-capacitacao-do-mes-de-agosto-17
https://www.agpr5.com/noticia/agpr5-ministra-palestra-sobre-automacao-fabricas-nutricao-animal-no-curso-racoes-31-em-cascavel-pr-70,https://www.agpr5.com/noticias/agpr5-ministra-palestra-sobre-automacao-para-fabricas-de-nutricao-animal-no-curso-de-racoes-31-em-cascavel-pr
https://www.agpr5.com/noticia/agpr5-em-parceria-page-entrega-novas-unidades-armazenagem-fertisanta-63,https://www.agpr5.com/noticias/agpr5-entrega-as-novas-unidades-de-armazenagem-da-fertisanta
https://www.agpr5.com/noticia/agpr5-entrega-mais-uma-etapa-ampliacao-abatedouro-aves-rivelli-64,https://www.agpr5.com/noticias/agpr5-entrega-mais-uma-etapa-da-ampliacao-do-abatedouro-de-aves-da-rivelli
https://www.agpr5.com/noticia/agpr5-automatiza-nova-torre-moagens-nutricao-animal-mjm-major-65,https://www.agpr5.com/noticias/agpr5-automatiza-nova-torre-de-moagens-da-nutricao-animal-da-mjm-major
https://www.agpr5.com/noticia/fispal-2017-sp-27-30-junho-61,https://www.agpr5.com/noticias/fispal-2017-em-sp-de-27-a-30-de-junho
https://www.agpr5.com/noticia/agpr5-entra-em-definitivo-no-mercado-energia-o-projeto-pch-verde-4a-62,https://www.agpr5.com/noticias/agpr5-entra-em-definitivo-no-mercado-de-energia-com-o-projeto-pch-verde-4a
https://www.agpr5.com/noticia/diretor-instituto-euvaldo-lodi-visita-agpr5-58,https://www.agpr5.com/noticias/diretor-do-instituto-euvaldo-lodi-visita-a-agpr5
https://www.agpr5.com/noticia/agpr5-presente-no-evento-agropec-em-porto-alegre-59,https://www.agpr5.com/noticias/agpr5-presente-no-evento-da-agropec-em-porto-alegre
https://www.agpr5.com/noticia/fenagra-10-11-maio-2017-campinas-sp-57,https://www.agpr5.com/noticias/fenagra-10-e-11-de-maio-de-2017-campinas-sp
https://www.agpr5.com/noticia/terasaki-no-brasil-56,https://www.agpr5.com/noticias/terasaki-no-brasil
https://www.agpr5.com/noticia/agpr5-na-avesui-2017-28,https://www.agpr5.com/noticias/agpr5-na-avesui-2017
https://www.agpr5.com/noticia/feliz-pascoa-2017-20,https://www.agpr5.com/noticias/feliz-pascoa-2017
https://www.agpr5.com/noticia/agpr5-automatiza-linha-recebebimento-frisia-carambei-pr-52,https://www.agpr5.com/noticias/agpr5-automatiza-linha-recebimento-da-frisia-de-carambei-pr
https://www.agpr5.com/noticia/phoenix-geracao-energia-s-em-aguas-claras-ms-19,https://www.agpr5.com/noticias/phoenix-geracao-de-energia-s-a-em-aguas-claras-ms
https://www.agpr5.com/noticia/agpr5-realiza-retrofit-andali-unidade-rondonopolis-mt-15,https://www.agpr5.com/noticias/agpr5-realiza-retrofit-da-andali-unidade-de-rondonopolis-mt
https://www.agpr5.com/noticia/agpr5-presente-na-abb-contractors-day-29,https://www.agpr5.com/noticias/agpr5-presente-na-abb-contractors-day
https://www.agpr5.com/noticia/agpr5-realiza-retrofit-louis-dreyfus-company-unidade-apucarana-pr-54,https://www.agpr5.com/noticias/agpr5-realiza-retrofit-da-louis-dreyfus-company-unidade-de-apucarana-pr
https://www.agpr5.com/noticia/agpr5-desenvolve-maquinas-microdosagem-precisao-30,https://www.agpr5.com/noticias/agpr5-desenvolve-maquinas-de-microdosagem-de-precisao
https://www.agpr5.com/noticia/agpr5-no-mercado-subestacoes-31,https://www.agpr5.com/noticias/agpr5-no-mercado-de-subestacoes
https://www.agpr5.com/noticia/visita-pch-serra-cavalinhos-i-32,https://www.agpr5.com/noticias/visita-a-pch-serra-dos-cavalinhos-i
https://www.agpr5.com/noticia/agpr5-reconhecida-pela-fiesc-movimento-sc-pela-educacao-33,https://www.agpr5.com/noticias/agpr5-e-reconhecida-pela-fiesc-e-movimento-sc-pela-educacao
https://www.agpr5.com/noticia/agpr5-e-signataria-projeto-liderado-pela-fiesc-34,https://www.agpr5.com/noticias/agpr5-e-signataria-de-projeto-liderado-pela-fiesc
https://www.agpr5.com/noticia/agpr5-certificada-iso-ohsas-18001-35,https://www.agpr5.com/noticias/agpr5-certificada-iso-ohsas-18001
https://www.agpr5.com/noticia/agpr5-distribuidor-exclusivo-produtos-terasaki-no-brasil-22,https://www.agpr5.com/noticias/agpr5-distribuidor-exclusivo-de-produtos-terasaki-no-brasil
https://www.agpr5.com/noticia/confraternizacao-final-ano-36,https://www.agpr5.com/noticias/confraternizacao-de-final-de-ano-2016
https://www.agpr5.com/noticia/fechamento-mais-uma-turma-nosso-programa-desenvolvimento-lideranc-pdl-37,https://www.agpr5.com/noticias/turma-do-programa-de-desenvolvimento-de-lideranca-pdl-2016
https://www.agpr5.com/noticia/agpr5-recebe-visita-diretor-regional-senai-sc-38,https://www.agpr5.com/noticias/agpr5-recebe-visita-do-diretor-regional-do-senai-sc
https://www.agpr5.com/noticia/agpr5-entre-20-melhores-empresas-ti-se-trabalhar-brasil-39,https://www.agpr5.com/noticias/agpr5-entre-as-20-melhores-empresas-de-ti-para-se-trabalhar-do-brasil
https://www.agpr5.com/noticia/novembro-azul-na-agpr5-40,https://www.agpr5.com/noticias/novembro-azul-na-agpr5
https://www.agpr5.com/noticia/agpr5-recebe-visita-vice-presidente-regional-sul-fiesc-41,https://www.agpr5.com/noticias/agpr5-recebe-visita-do-vice-presidente-da-regional-sul-da-fiesc
https://www.agpr5.com/noticia/agpr5-e-primeira-empresa-criciuma-certificada-ohsas-18001-2017-42,https://www.agpr5.com/noticias/agpr5-e-a-primeira-empresa-de-criciuma-certificada-ohsas-180012017
https://www.agpr5.com/noticia/agpr5-na-11a-edicao-feira-empregabilidade-43,https://www.agpr5.com/noticias/agpr5-na-11a-edicao-da-feira-da-empregabilidade
https://www.agpr5.com/noticia/agpr5-na-agropec-2016-44,https://www.agpr5.com/noticias/agpr5-na-agropec-2016
https://www.agpr5.com/noticia/agpr5-recebe-premio-santa-catarina-pela-educacao-45,https://www.agpr5.com/noticias/agpr5-recebe-premio-santa-catarina-pela-educacao
https://www.agpr5.com/noticia/outubro-rosa-na-agpr5-46,https://www.agpr5.com/noticias/outubro-rosa-2016-na-agpr5
https://www.agpr5.com/noticia/agpr5-entre-grandes-marcas-santa-caratina-23,https://www.agpr5.com/noticias/agpr5-entre-as-grandes-marcas-de-santa-catarina
https://www.agpr5.com/noticia/agpr5-entre-35-melhores-empresas-trabalhar-no-brasil-24,https://www.agpr5.com/noticias/agpr5-entre-as-35-melhores-empresas-para-trabalhar-no-brasil
https://www.agpr5.com/noticia/agpr5-palestra-curso-engenharia-mecatronica-satc-47,https://www.agpr5.com/noticias/agpr5-palestra-para-curso-de-engenharia-mecatronica-da-satc
https://www.agpr5.com/noticia/contraternizacao-pelo-dia-trabalho-48,https://www.agpr5.com/noticias/contraternizacao-pelo-dia-do-trabalho
https://www.agpr5.com/noticia/homenagem-agpr5-suas-mamaes-49,https://www.agpr5.com/noticias/homenagem-da-agpr5-as-suas-mamaes
https://www.agpr5.com/noticia/estudantes-bairro-juventude-visitam-agpr5-50,https://www.agpr5.com/noticias/estudantes-do-bairro-da-juventude-visitam-a-agpr5
https://www.agpr5.com/noticia/agpr5-na-avesui-2016-51,https://www.agpr5.com/noticias/agpr5-na-avesui-2016
https://www.agpr5.com/noticia/agpr5-presente-na-expo-pet-food-25,https://www.agpr5.com/noticias/agpr5-presente-na-expo-pet-food
https://www.agpr5.com/noticia/agpr5-empresa-criciumense-entre-melhores-se-trabalhar-27,https://www.agpr5.com/noticias/agpr5-empresa-criciumense-entre-as-melhores-para-se-trabalhar
https://www.agpr5.com/noticia/agpr5-expendido-seus-negocios-26,https://www.agpr5.com/noticias/agpr5-expandido-seus-negocios
